timestamp,cpu_percent,memory_percent,swap_percent,disk_usage_percent,disk_read_bytes_delta,disk_write_bytes_delta,disk_read_count_delta,disk_write_count_delta,bytes_sent_delta,bytes_recv_delta,packets_sent_delta,packets_recv_delta,process_count,new_processes,new_unique_processes,tcp_total,tcp_established,tcp_time_wait,tcp_close_wait,tcp_listen,hour,weekday
2026-08-08 17:47:36,11.7,52.4,2.1,23.4,17,5,2268672,1175552,37,87,0,0,0,0,179,179,81,32,5,5,0,22
2026-08-08 17:47:41,4.9,51.7,2.1,23.4,17,5,98304,4345856,6,58,0,0,0,0,178,0,0,32,5,5,0,22
2026-08-08 17:47:46,4.2,51.7,2.1,23.4,17,5,98304,253952,6,25,75,86,1,1,178,0,0,32,5,5,0,22
2026-08-08 17:47:52,3.9,51.8,2.1,23.4,17,5,4096,192512,1,10,0,0,0,0,178,0,0,32,5,5,0,22
2026-08-08 17:47:57,4.3,51.7,2.1,23.4,17,5,0,159744,0,14,0,0,0,0,177,0,0,32,5,5,0,22
2026-08-08 17:48:02,4.0,51.7,2.1,23.4,17,5,884736,2486272,52,235,74,74,1,1,177,0,0,32,5,5,0,22
2026-08-08 17:48:07,4.1,51.6,2.1,23.4,17,5,0,94208,0,11,234,258,3,3,176,0,0,31,4,5,0,22
2026-08-08 17:48:12,4.9,51.6,2.1,23.4,17,5,0,151552,0,12,75,86,1,1,176,0,0,31,4,5,0,22
2026-08-08 17:48:17,4.3,51.5,2.1,23.4,17,5,0,258048,0,17,75,86,1,1,176,0,0,31,4,5,0,22
2026-08-08 17:48:22,3.7,51.7,2.1,23.4,17,5,0,81920,0,8,0,0,0,0,176,0,0,31,4,5,0,22
2026-08-08 17:48:27,4.5,51.7,2.1,23.4,17,5,0,163840,0,13,0,0,0,0,176,0,0,31,4,5,0,22
2026-08-08 17:48:32,3.9,51.7,2.1,23.4,17,5,0,180224,0,11,0,1333,0,13,176,0,0,31,4,5,0,22
2026-08-08 17:48:37,4.1,51.6,2.1,23.4,17,5,0,81920,0,8,0,139,0,1,176,0,0,31,4,5,0,22
2026-08-08 17:48:42,4.6,51.6,2.1,23.4,17,5,0,241664,0,16,0,288,0,4,176,0,0,29,4,3,0,22
2026-08-08 17:48:47,4.5,51.4,2.1,23.4,17,5,0,188416,0,14,0,0,0,0,176,0,0,29,4,3,0,22
2026-08-08 17:48:52,4.7,51.4,2.1,23.4,17,5,0,184320,0,12,0,0,0,0,176,0,0,29,4,3,0,22
2026-08-08 17:48:57,4.2,51.4,2.1,23.4,17,5,0,176128,0,9,75,86,1,1,176,0,0,29,4,3,0,22
2026-08-08 17:49:02,3.9,51.5,2.1,23.4,17,5,0,290816,0,13,75,86,1,1,176,0,0,28,4,2,0,22
2026-08-08 17:49:07,3.9,51.5,2.1,23.4,17,5,0,176128,0,8,0,0,0,0,176,0,0,28,4,2,0,22
2026-08-08 17:49:12,4.1,51.5,2.1,23.4,17,5,0,253952,0,13,0,0,0,0,176,0,0,28,4,2,0,22
2026-08-08 17:49:17,5.2,51.4,2.1,23.4,17,5,0,274432,0,29,0,0,0,0,176,0,0,26,4,0,0,22
2026-08-08 17:49:22,4.2,51.4,2.1,23.4,17,5,16384,212992,1,11,0,0,0,0,176,0,0,26,4,0,0,22
2026-08-08 17:49:27,3.8,51.4,2.1,23.4,17,5,0,131072,0,14,0,74,0,1,176,0,0,25,3,0,0,22
2026-08-08 17:49:32,4.8,51.4,2.1,23.4,17,5,0,286720,0,27,0,0,0,0,176,0,0,25,3,0,0,22
2026-08-08 17:49:37,3.9,51.4,2.1,23.4,17,5,4096,143360,1,7,172,164,2,2,176,0,0,25,3,0,0,22
2026-08-08 17:49:42,4.5,51.4,2.1,23.4,17,5,0,217088,0,16,0,0,0,0,176,0,0,25,3,0,0,22
2026-08-08 17:49:47,4.3,51.5,2.1,23.4,17,5,4096,245760,1,20,161,172,2,2,176,0,0,25,3,0,0,22
2026-08-08 17:49:52,4.6,51.5,2.1,23.4,17,5,24576,180224,2,15,0,0,0,0,176,0,0,25,3,0,0,22
2026-08-08 17:49:57,4.1,51.4,2.1,23.4,17,5,0,143360,0,11,0,0,0,0,176,0,0,25,3,0,0,22
2026-08-08 17:50:02,4.5,51.4,2.1,23.4,17,5,0,159744,0,8,0,0,0,0,176,0,0,25,3,0,0,22
2026-08-08 17:50:07,5.1,51.5,2.1,23.4,17,5,16384,315392,1,23,3946,17282,14,20,176,0,0,26,4,0,0,22
2026-08-08 17:50:12,4.9,51.5,2.1,23.4,17,5,0,208896,0,12,42,42,1,1,176,0,0,26,4,0,0,22
2026-08-08 17:50:17,3.8,51.5,2.1,23.4,17,5,0,147456,0,9,86,86,1,1,176,0,0,26,4,0,0,22
2026-08-08 17:50:22,4.9,51.4,2.1,23.4,17,5,0,274432,0,20,0,0,0,0,176,0,0,26,4,0,0,22
2026-08-08 17:50:27,5.7,51.4,2.1,23.4,17,5,8192,241664,2,19,0,0,0,0,176,0,0,26,4,0,0,22
2026-08-08 17:50:32,10.9,52.1,2.1,23.4,17,5,16384,765952,1,88,2477,11216,17,15,179,3,1,27,5,0,0,22
2026-08-08 17:50:37,4.6,51.9,2.1,23.4,17,5,0,700416,0,50,0,0,0,0,179,0,0,27,5,0,0,22
2026-08-08 17:50:42,4.2,51.8,2.1,23.4,17,5,98304,716800,5,84,0,0,0,0,179,0,0,27,5,0,0,22
2026-08-08 17:50:48,4.3,51.8,2.1,23.4,17,5,0,262144,0,10,0,0,0,0,179,0,0,27,5,0,0,22
2026-08-08 17:50:53,5.0,51.9,2.1,23.4,17,5,0,241664,0,12,0,0,0,0,179,0,0,27,5,0,0,22
2026-08-08 17:50:58,4.5,51.9,2.1,23.4,17,5,0,327680,0,35,0,0,0,0,179,0,0,27,5,0,0,22
2026-08-08 17:51:03,4.1,51.7,2.1,23.4,17,5,0,278528,0,14,0,0,0,0,179,0,0,27,5,0,0,22
2026-08-08 17:51:08,4.5,51.7,2.1,23.4,17,5,0,229376,0,10,0,0,0,0,179,0,0,27,5,0,0,22
2026-08-08 17:51:13,4.6,51.8,2.1,23.4,17,5,0,221184,0,18,0,0,0,0,177,0,0,27,5,0,0,22
2026-08-08 17:51:18,4.9,51.8,2.1,23.4,17,5,0,180224,0,14,75,160,1,2,177,0,0,26,4,0,0,22
2026-08-08 17:51:23,5.4,51.7,2.1,23.4,17,5,0,245760,0,14,86,86,1,1,177,0,0,26,4,0,0,22
2026-08-08 17:51:28,4.3,51.8,2.1,23.4,17,5,0,126976,0,14,0,0,0,0,177,0,0,26,4,0,0,22
2026-08-08 17:51:33,5.0,50.8,2.3,23.4,17,5,2560,14178816,5,44,75,160,1,2,175,0,0,25,3,0,0,22
2026-08-08 17:51:38,4.5,50.8,2.3,23.4,17,5,16384,323584,1,15,0,0,0,0,176,1,0,25,3,0,0,22
2026-08-08 17:51:43,24.8,64.0,2.3,23.4,17,5,115453952,4308992,2435,389,7798,20529,30,38,188,13,4,27,5,0,0,22
2026-08-08 17:51:48,87.3,75.1,2.3,23.4,17,5,349563904,17402880,4513,560,598252,529710,593,696,206,18,7,69,39,1,0,22
2026-08-08 17:51:53,83.0,80.2,2.2,23.4,17,5,137117184,9257984,2664,585,3077659,1262343,2355,2749,218,15,3,156,94,2,0,22
2026-08-08 17:51:58,62.6,87.1,2.2,23.4,17,5,81116160,16859136,2562,945,697243,4888536,3020,4497,230,17,1,129,75,2,0,23
2026-08-08 17:52:03,53.9,89.0,2.3,23.4,17,5,305431552,26427392,3405,1403,325349,5021995,2271,4067,221,1,0,152,101,4,0,29
2026-08-08 17:52:08,15.8,87.8,4.2,23.4,17,5,15739904,142049280,703,513,225119,3362183,1676,2720,221,1,0,147,99,5,2,29
2026-08-08 17:52:13,14.7,86.4,4.2,23.4,17,5,3375104,2486272,149,238,95920,308644,334,391,220,0,0,135,91,5,5,29
2026-08-08 17:52:18,24.3,86.2,4.2,23.4,17,5,300230656,16147456,1246,545,75001,1086824,683,938,220,1,0,146,102,5,5,29
2026-08-08 17:52:23,19.5,91.3,4.2,23.4,17,5,234656256,4608000,2494,370,201687,339490,407,478,220,1,0,164,114,5,5,30
2026-08-08 17:52:28,22.5,87.3,4.2,23.4,17,5,74918400,7880704,2022,855,54620,227490,214,249,220,0,0,164,111,5,6,30
2026-08-08 17:52:34,13.1,85.1,4.2,23.4,17,5,23934464,3588096,854,281,113941,363973,356,443,219,0,0,166,114,5,6,30
2026-08-08 17:52:39,19.9,86.7,4.2,23.4,17,5,325961728,3653632,1372,318,116377,156475,199,210,222,4,1,167,114,5,5,30
2026-08-08 17:52:44,23.2,87.8,4.2,23.4,17,5,6651904,4083712,196,262,68636,333781,233,313,222,0,0,164,117,5,5,30
2026-08-08 17:52:49,17.2,87.7,4.2,23.4,17,5,716800,3715072,32,208,54951,81505,108,123,221,0,0,159,114,5,6,30
2026-08-08 17:52:54,9.9,87.4,4.2,23.4,17,5,1123840,2232320,40,149,57569,77743,86,94,221,0,0,156,113,5,6,30
2026-08-08 17:52:59,21.1,87.8,4.1,23.4,17,5,8838144,12542976,324,593,159823,435930,492,592,223,2,0,169,126,5,6,30
2026-08-08 17:53:04,16.3,88.2,4.1,23.4,17,5,3145216,2162688,86,148,25898,18709,63,53,223,1,0,169,121,5,11,30
2026-08-08 17:53:09,14.1,87.4,4.1,23.4,17,5,1406976,1191936,68,70,34280,21020,102,84,222,0,0,160,104,6,17,30
2026-08-08 17:53:14,19.1,86.9,4.1,23.4,17,5,1404928,1761280,50,88,64093,9123,70,66,221,0,0,156,95,9,18,30
2026-08-08 17:53:19,17.5,85.3,4.1,23.4,17,5,200704,962560,11,67,1592,1594,21,13,221,0,0,154,93,9,18,30
2026-08-08 17:53:24,15.6,85.0,4.1,23.4,17,5,200704,610304,6,65,7784,11548,25,28,221,0,0,152,92,9,18,30
2026-08-08 17:53:29,18.0,86.2,4.1,23.4,17,5,48470016,1847296,293,28,26520,14126,57,53,222,1,1,149,89,10,17,30
2026-08-08 17:53:34,18.2,86.0,4.1,23.4,17,5,6955008,913408,115,93,41331,21418,58,62,221,0,0,145,87,10,17,30
2026-08-08 17:53:39,21.8,86.9,4.1,23.4,17,5,14503424,6559232,675,412,171047,265409,301,394,222,2,0,151,89,13,17,30
2026-08-08 17:53:44,20.8,86.6,4.1,23.4,17,5,20314112,11108352,670,644,67020,110030,166,209,222,0,0,153,92,13,17,30
2026-08-08 17:53:49,21.4,87.0,4.1,23.4,17,5,3922432,4841472,150,392,162189,430137,406,513,223,1,0,172,106,12,17,30
2026-08-08 17:53:54,23.4,87.5,4.1,23.4,17,5,11912192,3735552,297,262,194948,777656,587,825,225,2,1,175,114,11,19,30
2026-08-08 17:53:59,20.0,87.7,4.1,23.4,17,5,4859392,4264960,250,249,75817,57202,143,154,224,0,0,169,110,10,18,30
2026-08-08 17:54:04,17.0,87.6,4.1,23.4,17,5,1084416,1715200,46,160,19592,38567,70,76,224,0,0,166,107,10,18,30
2026-08-08 17:54:09,19.0,87.6,4.1,23.4,17,5,793600,984576,35,69,107820,180898,243,230,224,0,0,164,101,9,18,30
2026-08-08 17:54:14,21.5,88.4,4.1,23.4,17,5,5690368,6005248,246,355,175310,1091093,911,1070,226,2,0,177,114,9,18,30
2026-08-08 17:54:19,22.1,89.0,4.1,23.4,17,5,21211136,11970560,654,961,375890,449756,499,629,228,2,1,186,121,9,20,30
2026-08-08 17:54:24,26.4,90.1,4.1,23.4,17,5,5598208,6290944,226,391,467782,4236562,1540,3386,231,4,0,185,124,9,16,30
2026-08-08 17:54:29,20.8,90.1,4.1,23.4,17,5,1849344,24176640,78,317,499009,10110402,3187,7411,231,0,0,179,123,10,15,30
2026-08-08 17:54:34,19.1,90.3,4.1,23.4,17,5,1462272,21643264,62,235,261403,9165549,2801,6670,231,0,0,177,119,11,15,30
2026-08-08 17:54:40,16.2,91.0,4.1,23.4,17,5,8155136,32595968,111,287,332954,12866894,3666,9354,231,0,0,168,118,11,9,30
2026-08-08 17:54:45,21.5,90.5,4.1,23.4,17,5,13430784,33009664,141,312,372618,15066819,4674,10897,230,0,0,165,119,11,5,30
2026-08-08 17:54:50,19.0,90.1,4.1,23.4,17,5,1601536,18788352,87,224,515373,16923057,6755,12199,229,0,0,165,117,11,6,30
2026-08-08 17:54:55,18.6,89.1,4.1,23.4,17,5,7161856,23543808,104,172,474126,16176630,6206,11647,228,0,0,162,115,11,6,30
2026-08-08 17:55:00,20.0,89.3,4.1,23.4,17,5,706560,14938112,15,74,754848,21475123,10008,15460,226,0,0,163,115,11,6,30
2026-08-08 17:55:05,13.2,89.8,4.1,23.4,17,5,1037312,30330880,24,92,732878,25404904,9422,18291,227,1,0,162,114,11,6,30
2026-08-08 17:55:10,15.4,90.5,4.1,23.4,17,5,35224576,26210304,1016,247,798146,26164836,9299,18887,227,1,0,161,117,8,5,30
2026-08-08 17:55:15,15.5,90.7,4.1,23.4,17,5,3810304,22749184,177,232,925157,26158204,10041,19062,228,2,0,161,122,7,2,30
2026-08-08 17:55:20,12.8,90.4,4.1,23.4,17,5,1720320,28696576,50,210,1087547,24113351,14473,17354,227,0,0,159,118,7,4,30
2026-08-08 17:55:25,13.8,90.4,4.1,23.4,17,5,1202176,18235392,36,136,807136,17706644,10581,12792,228,2,0,151,110,6,5,30
2026-08-08 17:55:30,15.5,90.7,4.1,23.4,17,5,5295104,21082624,158,377,1123323,16309127,11768,11869,227,0,0,167,117,6,5,30
2026-08-08 17:55:35,18.0,91.3,4.1,23.4,17,5,3410944,10310144,87,193,755340,10875820,7210,8018,227,0,0,170,128,6,5,30
2026-08-08 17:55:40,15.1,91.3,4.1,23.4,17,5,1618944,10289152,47,240,541935,6558722,5248,5026,227,1,0,172,134,3,5,30
2026-08-08 17:55:45,12.9,90.9,4.1,23.4,17,5,4602368,8888320,48,171,356492,8398424,3946,6119,227,1,0,175,136,3,5,30
2026-08-08 17:55:50,18.8,92.5,4.1,23.4,17,5,1775104,10493952,59,236,568997,11041144,6220,8116,227,0,0,172,134,3,5,30
2026-08-08 17:55:55,15.1,92.8,4.1,23.4,17,5,4114432,14434304,102,200,563919,11110124,6745,8184,227,0,0,170,133,2,5,30
2026-08-08 17:56:00,12.4,92.6,4.1,23.4,17,5,1992192,18272256,57,150,777443,18794257,9758,13710,227,0,0,171,134,2,4,30
2026-08-08 17:56:05,12.1,92.6,4.1,23.4,17,5,1486848,13225984,44,63,747515,15051980,9346,10954,227,0,0,170,132,3,4,30
2026-08-08 17:56:10,13.4,93.1,4.1,23.4,17,5,2031616,21000192,63,79,1229189,22956304,15269,16829,227,0,0,173,134,5,2,30
2026-08-08 17:56:15,11.9,93.0,4.1,23.4,17,5,7512064,30380032,59,179,1059837,20517514,13301,14953,227,0,0,165,128,5,0,30
2026-08-08 17:56:20,14.1,93.5,4.1,23.4,17,5,1179648,21827584,46,128,956380,20143311,12224,14688,227,0,0,165,127,6,0,30
2026-08-08 17:56:25,8.6,93.0,4.1,23.4,17,5,532480,15249408,18,133,818447,17918604,10840,13031,226,0,0,165,126,7,0,30
2026-08-08 17:56:30,13.8,87.4,4.1,23.4,17,5,7290880,21422080,46,124,554205,11867907,7230,8539,226,0,0,163,122,9,0,30
2026-08-08 17:56:36,8.2,87.8,4.1,23.4,17,5,1474560,13758464,18,69,576943,11773996,7511,8491,225,0,0,161,120,10,0,30
2026-08-08 17:56:41,8.7,87.3,4.1,23.4,17,5,192512,11186176,7,43,678080,13818096,9025,9933,226,1,0,160,118,10,0,30
2026-08-08 17:56:46,14.6,73.4,4.1,23.4,17,5,298605056,11522048,564,291,621809,11717409,7552,8653,212,1,0,124,35,51,0,30
2026-08-08 17:56:51,20.7,72.7,4.1,23.4,17,5,50728448,6755328,1352,379,77874,148926,205,237,215,9,1,130,38,59,1,30
2026-08-08 17:56:56,5.4,72.7,4.1,23.4,17,5,114688,598016,3,67,247,336,3,4,215,0,0,130,38,59,1,30
2026-08-08 17:57:01,13.0,51.8,4.1,23.4,17,5,9765888,2310144,353,138,592,296,8,4,194,1,0,103,17,62,0,22
2026-08-08 17:57:06,7.1,49.0,4.1,23.4,17,5,1526784,806912,56,105,546,172,9,2,191,0,0,94,8,62,0,22
2026-08-08 17:57:11,9.8,49.0,4.0,23.4,17,5,8951296,1671168,228,75,0,0,0,0,193,2,0,94,8,62,0,22
2026-08-08 17:57:16,4.1,48.7,4.0,23.4,17,5,504320,319488,14,32,368,684,4,3,190,0,0,95,8,62,0,22
2026-08-08 17:57:21,5.4,48.1,4.0,23.4,17,5,867840,1421312,35,160,25446,50039,77,102,186,0,0,98,11,63,0,22
2026-08-08 17:57:26,3.5,48.0,4.0,23.4,17,5,49152,405504,1,13,86,86,1,1,186,0,0,98,11,63,0,22
2026-08-08 17:57:31,4.8,47.9,4.0,23.4,17,5,241664,995328,7,23,0,0,0,0,186,0,0,98,11,63,0,22
2026-08-08 17:57:36,5.1,47.9,4.0,23.4,17,5,167936,344064,7,19,74,0,1,0,186,0,0,97,11,63,0,22
2026-08-08 17:57:41,3.7,47.8,4.0,23.4,17,5,2068480,7647232,121,861,0,0,0,0,186,0,0,97,11,63,0,22
2026-08-08 17:57:46,4.3,47.9,4.0,23.4,17,5,108032,282624,14,13,0,0,0,0,186,0,0,97,11,63,0,22
2026-08-08 17:57:51,17.0,49.2,4.0,23.4,17,5,71127552,1781760,2497,113,28522,23701,32,46,187,2,1,98,13,63,0,22
2026-08-08 17:57:56,9.9,49.1,4.0,23.4,17,5,1819648,1703936,128,140,128,128,2,2,186,0,0,98,13,63,0,22
2026-08-08 17:58:02,8.3,49.2,4.0,23.4,17,5,438272,1155072,23,79,75,86,1,1,186,0,0,97,13,62,0,22
2026-08-08 17:58:07,13.4,47.7,4.0,23.4,17,5,3342336,966656,161,69,1133,2043,12,12,185,0,0,96,13,61,0,22
2026-08-08 17:58:12,5.5,47.6,3.8,23.4,17,5,9080832,446464,234,37,0,0,0,0,185,0,0,95,13,60,0,22
2026-08-08 17:58:17,3.8,47.4,3.8,23.4,17,5,32768,716800,2,27,0,3729,0,36,185,0,0,95,13,60,0,22
2026-08-08 17:58:22,4.6,47.3,3.8,23.4,17,5,0,634880,0,55,0,0,0,0,185,0,0,93,13,58,0,22
2026-08-08 17:58:27,3.8,47.3,3.8,23.4,17,5,0,495616,0,25,0,0,0,0,185,0,0,93,13,58,0,22
2026-08-08 17:58:32,3.9,47.3,3.8,23.4,17,5,1196032,3596288,71,350,0,288,0,4,184,1,0,90,13,55,0,22
2026-08-08 17:58:37,3.9,47.2,3.8,23.4,17,5,65536,466944,1,26,150,172,2,2,183,0,0,88,13,53,0,22
2026-08-08 17:58:42,4.7,47.2,3.8,23.4,17,5,1019904,462848,207,34,296,148,4,2,183,0,0,88,11,55,0,22
2026-08-08 17:58:47,4.9,47.2,3.8,23.4,17,5,2171904,532480,46,32,148,359,2,4,183,0,0,41,10,9,0,22
2026-08-08 17:58:52,15.0,47.9,3.8,23.4,17,5,40633856,827904,1807,72,386,430,5,5,185,2,0,38,10,6,0,22
2026-08-08 17:58:57,11.2,48.9,3.8,23.4,17,5,5570560,1052672,159,72,-7134,-456,-36,-3,185,0,0,37,2,6,0,21
2026-08-08 17:59:02,4.2,48.8,3.8,23.4,17,5,81920,552960,3,53,358,0,2,0,185,0,0,34,2,3,0,21
2026-08-08 17:59:08,5.2,48.9,3.8,23.4,17,5,0,258048,0,10,179,0,1,0,185,0,0,34,2,3,0,21
2026-08-08 17:59:13,5.2,48.7,3.8,23.4,17,5,114688,512000,5,31,179,0,1,0,185,0,0,26,1,3,0,21
2026-08-08 17:59:18,4.0,48.7,3.8,23.4,17,5,114688,438272,2,29,0,0,0,0,185,0,0,26,1,3,0,21
2026-08-08 17:59:23,4.3,48.7,3.8,23.4,17,5,1871872,708608,62,53,0,0,0,0,185,0,0,25,1,2,0,21
2026-08-08 17:59:28,3.4,48.8,3.8,23.4,17,5,16384,385024,1,24,0,0,0,0,185,0,0,25,1,2,0,21
2026-08-08 17:59:33,3.7,48.7,3.8,23.4,17,5,280576,401408,10,17,42,60,1,1,185,0,0,25,0,2,0,21
2026-08-08 17:59:38,4.1,48.7,3.8,23.4,17,5,8192,1163264,1,134,0,0,0,0,185,0,0,24,0,2,0,21
2026-08-08 17:59:43,4.2,48.7,3.8,23.4,17,5,262144,356352,7,12,0,0,0,0,185,0,0,24,0,2,0,21
2026-08-08 17:59:48,3.5,48.6,3.8,23.4,17,5,0,405504,0,19,0,0,0,0,184,0,0,24,0,2,0,21
2026-08-08 17:59:53,3.7,48.6,3.7,23.4,17,5,2064384,679936,59,34,0,0,0,0,185,1,0,24,0,2,0,21
2026-08-08 17:59:58,4.0,48.5,3.7,23.4,17,5,448512,1959936,31,168,0,0,0,0,183,0,0,24,0,2,0,21
2026-08-08 18:00:03,5.3,48.5,3.7,23.4,18,5,4820992,380928,250,13,0,0,0,0,184,1,0,23,0,2,0,21
2026-08-08 18:00:08,4.0,48.6,3.7,23.4,18,5,65536,716800,1,23,0,0,0,0,184,0,0,23,0,2,0,21
2026-08-08 18:00:13,3.7,48.5,3.7,23.4,18,5,98304,745472,6,73,0,0,0,0,184,0,0,23,0,2,0,21
2026-08-08 18:00:18,4.6,48.5,3.7,23.4,18,5,339968,368640,11,13,0,0,0,0,184,0,0,23,0,2,0,21
2026-08-08 18:00:23,3.8,48.4,3.7,23.4,18,5,65536,434176,1,20,0,0,0,0,184,0,0,23,0,2,0,21
2026-08-08 18:00:28,3.5,48.3,3.7,23.4,18,5,73728,446464,4,16,0,0,0,0,184,0,0,23,0,2,0,21
2026-08-08 18:00:34,4.2,48.4,3.7,23.4,18,5,1286144,262144,34,9,0,0,0,0,184,0,0,23,0,2,0,21
2026-08-08 18:00:39,3.8,48.4,3.7,23.4,18,5,0,458752,0,23,0,0,0,0,184,0,0,21,0,0,0,21
2026-08-08 18:00:44,3.6,48.4,3.7,23.4,18,5,0,561152,0,17,0,0,0,0,184,0,0,21,0,0,0,21
2026-08-08 18:00:49,4.0,48.4,3.7,23.4,18,5,0,323584,0,12,0,0,0,0,184,0,0,21,0,0,0,21
2026-08-08 18:00:54,3.8,48.3,3.7,23.4,18,5,0,430080,0,21,0,0,0,0,184,0,0,21,0,0,0,21
2026-08-08 18:00:59,3.3,48.3,3.7,23.4,18,5,61440,417792,1,14,0,0,0,0,184,0,0,21,0,0,0,21
2026-08-08 18:01:04,3.6,48.2,3.7,23.4,18,5,0,368640,0,19,0,0,0,0,183,0,0,21,0,0,0,21
2026-08-08 18:01:09,4.3,48.2,3.7,23.4,18,5,65536,544768,2,20,0,0,0,0,183,0,0,21,0,0,0,21
2026-08-08 18:01:14,3.9,48.3,3.7,23.4,18,5,65536,385024,1,20,0,0,0,0,183,0,0,21,0,0,0,21
2026-08-08 18:01:19,4.1,48.2,3.7,23.4,18,5,28672,462848,1,24,42,60,1,1,183,0,0,21,0,0,0,21
2026-08-08 18:01:24,4.0,48.2,3.7,23.4,18,5,16384,434176,1,16,0,0,0,0,183,0,0,21,0,0,0,21
2026-08-08 18:01:29,4.7,48.3,3.7,23.4,18,5,65536,491520,1,23,0,0,0,0,183,0,0,21,0,0,0,21
2026-08-08 18:01:34,4.3,48.2,3.7,23.4,18,5,0,442368,0,20,0,0,0,0,183,0,0,21,0,0,0,21
2026-08-08 18:01:39,3.8,48.3,3.7,23.4,18,5,49152,425984,2,24,0,0,0,0,183,0,0,21,0,0,0,21
2026-08-08 18:01:44,4.0,48.0,3.7,23.4,18,5,0,495616,0,26,0,0,0,0,183,0,0,21,0,0,0,21
2026-08-08 18:01:49,5.6,48.0,3.7,23.4,18,5,0,471040,0,25,0,0,0,0,183,0,0,21,0,0,0,21
2026-08-08 18:01:55,19.7,49.2,3.7,23.4,18,5,49248768,1671680,1005,135,0,0,0,0,188,5,3,21,0,0,0,21
2026-08-08 18:02:00,6.3,48.7,3.7,23.4,18,5,2764800,6561792,161,619,0,0,0,0,188,0,0,21,0,0,0,21
2026-08-08 18:02:05,5.0,48.7,3.7,23.4,18,5,2532352,930304,95,65,0,0,0,0,187,0,0,21,0,0,0,21
2026-08-08 18:02:10,5.0,48.4,3.7,23.4,18,5,843776,1048576,30,133,0,0,0,0,186,0,0,21,0,0,0,21
2026-08-08 18:02:15,3.8,48.4,3.7,23.4,18,5,0,430080,0,16,0,0,0,0,186,0,0,21,0,0,0,21
2026-08-08 18:02:20,4.7,48.4,3.7,23.4,18,5,0,483328,0,26,0,0,0,0,186,0,0,21,0,0,0,21
2026-08-08 18:02:25,4.0,48.2,3.7,23.4,18,5,770048,581632,20,46,0,0,0,0,185,0,0,21,0,0,0,21
2026-08-08 18:02:31,3.9,48.2,3.7,23.4,18,5,0,405504,0,13,0,0,0,0,185,0,0,21,0,0,0,21
2026-08-08 18:02:36,4.1,48.3,3.7,23.4,18,5,49152,483328,1,21,0,0,0,0,184,0,0,21,0,0,0,21
2026-08-08 18:02:41,5.8,47.6,3.7,23.4,18,5,0,503808,0,26,0,0,0,0,184,0,0,21,0,0,0,21
2026-08-08 18:02:46,3.9,47.5,3.7,23.4,18,5,0,405504,0,14,0,0,0,0,184,0,0,21,0,0,0,21
2026-08-08 18:02:51,5.1,47.3,3.7,23.4,18,5,891392,557056,38,22,0,0,0,0,182,0,0,21,0,0,0,21
2026-08-08 18:02:56,4.2,47.0,3.7,23.4,18,5,699392,797184,37,59,0,0,0,0,180,0,0,21,0,0,0,21
2026-08-08 18:03:01,4.5,47.1,3.7,23.4,18,5,0,413696,0,13,0,0,0,0,180,0,0,21,0,0,0,21
2026-08-08 18:03:06,4.2,47.1,3.7,23.4,18,5,0,479232,0,21,0,0,0,0,180,0,0,21,0,0,0,21
2026-08-08 18:03:12,3.7,47.0,3.7,23.4,18,5,65536,438272,1,18,0,0,0,0,180,0,0,21,0,0,0,21
2026-08-08 18:03:17,3.8,47.0,3.7,23.4,18,5,16384,462848,1,22,0,0,0,0,180,0,0,21,0,0,0,21
2026-08-08 18:03:22,4.6,47.0,3.7,23.4,18,5,0,442368,0,20,0,0,0,0,180,0,0,21,0,0,0,21
2026-08-08 18:03:27,4.8,47.0,3.7,23.4,18,5,0,487424,0,16,0,0,0,0,180,0,0,21,0,0,0,21
2026-08-08 18:03:32,5.1,47.1,3.7,23.4,18,5,16384,462848,1,22,0,0,0,0,180,0,0,21,0,0,0,21
2026-08-08 18:03:37,3.6,47.1,3.7,23.4,18,5,65536,483328,1,16,0,0,0,0,180,0,0,21,0,0,0,21
2026-08-08 18:03:43,3.4,47.1,3.7,23.4,18,5,0,462848,0,22,0,0,0,0,180,0,0,21,0,0,0,21
2026-08-08 18:03:48,3.5,47.1,3.7,23.4,18,5,0,421888,0,20,0,0,0,0,180,0,0,21,0,0,0,21
2026-08-08 18:03:53,3.8,46.9,3.7,23.4,18,5,0,450560,0,16,0,0,0,0,179,0,0,21,0,0,0,21
2026-08-08 18:03:58,4.4,46.9,3.7,23.4,18,5,0,733184,0,49,0,0,0,0,179,0,0,21,0,0,0,21
2026-08-08 18:04:03,4.7,46.8,3.7,23.4,18,5,65536,503808,2,27,0,0,0,0,179,0,0,21,0,0,0,21
2026-08-08 18:04:08,3.7,46.8,3.7,23.4,18,5,32768,389120,1,14,0,0,0,0,179,0,0,21,0,0,0,21
2026-08-08 18:04:13,4.1,47.0,3.7,23.4,18,5,0,503808,0,21,0,0,0,0,179,0,0,21,0,0,0,21
2026-08-08 18:04:19,3.6,46.9,3.7,23.4,18,5,94208,811008,3,74,0,0,0,0,179,0,0,21,0,0,0,21
2026-08-08 18:04:24,4.3,46.8,3.7,23.4,18,5,102400,462848,4,17,0,0,0,0,178,0,0,21,0,0,0,21
2026-08-08 18:04:29,4.3,46.8,3.7,23.4,18,5,0,528384,0,26,0,0,0,0,178,0,0,21,0,0,0,21
